# Yaklaşık aylık makro seri (TÜFE 2003=100, politika faizi kesir). EVDS_API_KEY ile
# scripts/fetch_real_data.py gerçek TCMB serisini çeker; bu dosya yalnızca son çaredir. 2025 sonrası tahmini.
date,TUFE,POLICY_RATE
2016-01-31,271.385554,0.08
2016-02-29,273.243745,0.08
2016-03-31,275.114659,0.08
2016-04-30,276.998384,0.08
2016-05-31,278.895006,0.08
2016-06-30,280.804615,0.08
2016-07-31,282.727298,0.08
2016-08-31,284.663147,0.08
2016-09-30,286.61225,0.08
2016-10-31,288.574699,0.08
2016-11-30,290.550585,0.08
2016-12-31,292.54,0.08
2017-01-31,295.29821,0.083
2017-02-28,298.082425,0.1
2017-03-31,300.892891,0.115
2017-04-30,303.729856,0.1225
2017-05-31,306.593569,0.1225
2017-06-30,309.484283,0.1225
2017-07-31,312.402252,0.1225
2017-08-31,315.347732,0.1225
2017-09-30,318.320984,0.1225
2017-10-31,321.32227,0.1225
2017-11-30,324.351853,0.1225
2017-12-31,327.41,0.1225
2018-01-31,332.492055,0.1275
2018-02-28,337.652994,0.1275
2018-03-31,342.894041,0.1275
2018-04-30,348.216439,0.1275
2018-05-31,353.621451,0.165
2018-06-30,359.11036,0.1775
2018-07-31,364.684468,0.1775
2018-08-31,370.345097,0.1775
2018-09-30,376.09359,0.24
2018-10-31,381.931312,0.24
2018-11-30,387.859646,0.24
2018-12-31,393.88,0.24
2019-01-31,397.568922,0.24
2019-02-28,401.292392,0.24
2019-03-31,405.050736,0.24
2019-04-30,408.844278,0.24
2019-05-31,412.673349,0.24
2019-06-30,416.538282,0.24
2019-07-31,420.439412,0.1975
2019-08-31,424.377078,0.1975
2019-09-30,428.351623,0.165
2019-10-31,432.363392,0.14
2019-11-30,436.412734,0.14
2019-12-31,440.5,0.12
2020-01-31,445.530817,0.1125
2020-02-29,450.619089,0.1075
2020-03-31,455.765473,0.0975
2020-04-30,460.970633,0.0875
2020-05-31,466.235238,0.0825
2020-06-30,471.55997,0.0825
2020-07-31,476.945513,0.0825
2020-08-31,482.392563,0.0825
2020-09-30,487.901822,0.1025
2020-10-31,493.474001,0.1025
2020-11-30,499.109818,0.15
2020-12-31,504.81,0.17
2021-01-31,517.937927,0.17
2021-02-28,531.407255,0.17
2021-03-31,545.226862,0.19
2021-04-30,559.405857,0.19
2021-05-31,573.953586,0.19
2021-06-30,588.879639,0.19
2021-07-31,604.193854,0.19
2021-08-31,619.906326,0.19
2021-09-30,636.027411,0.18
2021-10-31,652.567737,0.16
2021-11-30,669.538204,0.15
2021-12-31,686.95,0.14
2022-01-31,715.959123,0.14
2022-02-28,746.193268,0.14
2022-03-31,777.704167,0.14
2022-04-30,810.545736,0.14
2022-05-31,844.774167,0.14
2022-06-30,880.448027,0.14
2022-07-31,917.628353,0.14
2022-08-31,956.378762,0.13
2022-09-30,996.765557,0.12
2022-10-31,1038.857841,0.105
2022-11-30,1082.727635,0.09
2022-12-31,1128.45,0.09
2023-01-31,1176.403046,0.09
2023-02-28,1226.393839,0.085
2023-03-31,1278.50897,0.085
2023-04-30,1332.838714,0.085
2023-05-31,1389.47718,0.085
2023-06-30,1448.522475,0.15
2023-07-31,1510.076877,0.175
2023-08-31,1574.24701,0.25
2023-09-30,1641.144028,0.3
2023-10-31,1710.883808,0.35
2023-11-30,1783.587154,0.4
2023-12-31,1859.38,0.425
2024-01-31,1917.167686,0.45
2024-02-29,1976.751357,0.45
2024-03-31,2038.186829,0.5
2024-04-30,2101.531654,0.5
2024-05-31,2166.845174,0.5
2024-06-30,2234.188573,0.5
2024-07-31,2303.624938,0.5
2024-08-31,2375.219317,0.5
2024-09-30,2449.038777,0.5
2024-10-31,2525.152474,0.5
2024-11-30,2603.631709,0.5
2024-12-31,2684.55,0.475
2025-01-31,2745.470081,0.45
2025-02-28,2807.772613,0.45
2025-03-31,2871.488966,0.425
2025-04-30,2936.651225,0.46
2025-05-31,3003.292201,0.46
2025-06-30,3071.44545,0.46
2025-07-31,3141.145291,0.43
2025-08-31,3212.426819,0.43
2025-09-30,3285.325929,0.405
2025-10-31,3359.879326,0.395
2025-11-30,3436.124552,0.395
2025-12-31,3514.1,0.38
2026-01-31,3580.8679,0.37
2026-02-28,3648.90439,0.37
2026-03-31,3718.233574,0.355
2026-04-30,3788.880011,0.355
2026-05-31,3860.868732,0.355
2026-06-30,3934.225238,0.34
2026-07-31,4008.975517,0.34
2026-08-31,4085.146052,0.34
2026-09-30,4162.763827,0.34
