# Kaynaklar: POLICY_RATE=tcmb:1_hafta_repo+glp(2017-01..2018-05), TUFE=tcmb:enflasyon_hesaplayici(önbellek), USDTRY=yahoo:USDTRY=X. TÜFE 2003=100, POLICY_RATE kesir (ay sonu), USDTRY ay sonu.
date,TUFE,POLICY_RATE,USDTRY
2015-12-31,269.54,0.075,
2016-01-31,274.44,0.075,
2016-02-29,274.38,0.075,
2016-03-31,274.27,0.075,
2016-04-30,276.42,0.075,
2016-05-31,278.02,0.075,
2016-06-30,279.33,0.075,
2016-07-31,282.58,0.075,
2016-08-31,281.76,0.075,
2016-09-30,282.27,0.075,2.99708
2016-10-31,286.33,0.075,3.10631
2016-11-30,287.81,0.08,3.4094
2016-12-31,292.54,0.08,3.5176
2017-01-31,299.74,0.11,3.77619
2017-02-28,302.17,0.11,3.6069
2017-03-31,305.24,0.1175,3.6543
2017-04-30,309.23,0.1225,3.5633
2017-05-31,310.61,0.1225,3.5525
2017-06-30,309.78,0.1225,3.52423
2017-07-31,310.24,0.1225,3.5323
2017-08-31,311.85,0.1225,3.4551
2017-09-30,313.88,0.1225,3.55831
2017-10-31,320.4,0.1225,3.77725
2017-11-30,325.18,0.1225,3.95605
2017-12-31,327.41,0.1275,3.77686
2018-01-31,330.75,0.1275,3.77572
2018-02-28,333.17,0.1275,3.8152
2018-03-31,336.48,0.1275,3.9449
2018-04-30,342.78,0.135,4.05166
2018-05-31,348.34,0.165,4.4686
2018-06-30,357.44,0.1775,4.5905
2018-07-31,359.41,0.1775,4.88278
2018-08-31,367.66,0.1775,6.7341
2018-09-30,390.84,0.24,6.0057
2018-10-31,401.27,0.24,5.4809
2018-11-30,395.48,0.24,5.1702
2018-12-31,393.88,0.24,5.27428
2019-01-31,398.07,0.24,5.22741
2019-02-28,398.71,0.24,5.30937
2019-03-31,402.81,0.24,5.5717
2019-04-30,409.63,0.24,5.9489
2019-05-31,413.52,0.24,5.9125
2019-06-30,413.63,0.24,5.7718
2019-07-31,419.24,0.1975,5.5577
2019-08-31,422.84,0.1975,5.8327
2019-09-30,427.04,0.165,5.6677
2019-10-31,435.59,0.14,5.701
2019-11-30,437.25,0.14,5.758
2019-12-31,440.5,0.12,5.94722
2020-01-31,446.45,0.1125,5.97415
2020-02-29,448.02,0.1075,6.20677
2020-03-31,450.58,0.0975,6.56504
2020-04-30,454.43,0.0875,6.951
2020-05-31,460.62,0.0825,6.81105
2020-06-30,465.84,0.0825,6.8495
2020-07-31,468.56,0.0825,6.9694
2020-08-31,472.61,0.0825,7.3249
2020-09-30,477.21,0.1025,7.81133
2020-10-31,487.38,0.1025,8.29794
2020-11-30,498.58,0.15,7.81732
2020-12-31,504.81,0.17,7.37373
2021-01-31,513.3,0.17,7.34578
2021-02-28,517.96,0.17,7.3231
2021-03-31,523.53,0.19,8.3247
2021-04-30,532.32,0.19,8.18488
2021-05-31,537.05,0.19,8.5734
2021-06-30,547.48,0.19,8.726
2021-07-31,557.36,0.19,8.45226
2021-08-31,563.6,0.19,8.3673
2021-09-30,570.66,0.18,8.91614
2021-10-31,584.32,0.16,9.52512
2021-11-30,604.84,0.15,12.699
2021-12-31,686.95,0.14,13.2905
2022-01-31,763.23,0.14,13.48205
2022-02-28,799.93,0.14,14.02884
2022-03-31,843.64,0.14,14.65101
2022-04-30,904.79,0.14,14.78889
2022-05-31,931.76,0.14,16.383499
2022-06-30,977.9,0.14,16.628201
2022-07-31,1001.03,0.14,17.9452
2022-08-31,1015.65,0.13,18.150261
2022-09-30,1046.89,0.12,18.497499
2022-10-31,1084.0,0.105,18.572969
2022-11-30,1115.26,0.09,18.6399
2022-12-31,1128.45,0.09,18.70299
2023-01-31,1203.48,0.09,18.808001
2023-02-28,1241.33,0.085,18.884199
2023-03-31,1269.75,0.085,19.175699
2023-04-30,1300.04,0.085,19.435499
2023-05-31,1300.6,0.085,20.611601
2023-06-30,1351.59,0.15,26.038601
2023-07-31,1479.84,0.175,26.840401
2023-08-31,1614.31,0.25,26.681299
2023-09-30,1691.04,0.3,27.4589
2023-10-31,1749.11,0.35,28.25737
2023-11-30,1806.5,0.4,28.94092
2023-12-31,1859.38,0.425,29.5198
2024-01-31,1984.02,0.45,30.3584
2024-02-29,2073.88,0.45,31.208839
2024-03-31,2139.47,0.5,32.4491
2024-04-30,2207.5,0.5,32.369919
2024-05-31,2281.85,0.5,32.243801
2024-06-30,2319.29,0.5,32.887798
2024-07-31,2394.1,0.5,33.098499
2024-08-31,2453.34,0.5,34.077339
2024-09-30,2526.16,0.5,34.149059
2024-10-31,2598.91,0.5,34.283199
2024-11-30,2657.23,0.5,34.648369
2024-12-31,2684.55,0.475,35.305248
2025-01-31,2819.65,0.45,35.853031
2025-02-28,2883.75,0.45,36.517799
2025-03-31,2954.69,0.425,37.975101
2025-04-30,3043.23,0.46,38.499401
2025-05-31,3089.74,0.46,39.208488
2025-06-30,3132.17,0.46,39.890598
2025-07-31,3196.66,0.43,40.587002
2025-08-31,3261.72,0.43,41.140499
2025-09-30,3367.22,0.405,41.576599
2025-10-31,3453.09,0.395,42.026798
2025-11-30,3482.96,0.395,42.4851
2025-12-31,3513.87,0.38,42.951981
2026-01-31,3683.83,0.37,43.455101
2026-02-28,3793.05,0.37,43.955399
2026-03-31,3866.74,0.37,44.4739
2026-04-30,4028.47,0.37,45.166
2026-05-31,4097.55,0.37,45.8918
2026-06-30,4137.93,0.37,46.640701
2026-07-31,4211.58,0.37,47.5014
2026-08-31,4289.23,0.37,48.246899
2026-09-30,,0.37,48.960098
